Data Size (GB),Throughput (KB/s),Time Taken (s)
0.125,0.10653,9.387
0.25,0.0554939,18.02
0.375,0.0365444,27.364
0.5,0.0262343,38.118
0.625,0.0213315,46.879
0.75,0.0171692,58.244
0.875,0.0152481,65.582
1,0.0133362,74.984
